t;raw ax;raw ay;raw az
0,002651;-1;-22;15
0,051669;-1;-22;16
0,070620;-1;-22;15
0,079603;-1;-22;16
0,092644;-2;-22;16
0,109614;-3;-22;17
0,121605;-3;-23;17
0,153640;-4;-23;17
0,174698;-3;-22;17
0,180575;-2;-22;17
0,193602;-1;-22;16
0,266619;-2;-22;15
0,273583;-2;-22;16
0,295605;-2;-22;17
0,301579;-1;-22;16
0,315577;-1;-22;17
0,395626;-2;-22;17
0,445662;-2;-22;16
0,474618;-2;-22;17
0,558645;-1;-22;17
0,566620;-1;-22;16
0,588652;-2;-22;16
0,596619;-1;-22;16
0,609630;-2;-22;17
0,668632;-2;-22;16
0,691637;-2;-22;17
0,698532;-2;-22;16
0,751630;-2;-22;17
0,780627;-2;-22;16
0,789644;-2;-22;17
0,822634;-1;-22;16
0,829628;-2;-22;17
0,910646;-2;-22;16
0,923632;-2;-22;17
0,931630;-2;-22;16
1,042672;-2;-22;17
1,063631;-1;-22;16
1,071623;-2;-22;17
1,088626;-2;-22;16
1,094618;-2;-22;17
1,148652;-2;-22;16
1,154621;-2;-22;17
1,183634;-3;-22;16
1,202650;-2;-22;16
1,214630;-3;-22;16
1,228623;-2;-22;16
1,249621;-3;-22;16
1,255613;-2;-22;16
1,278641;-3;-22;16
1,294622;-3;-22;17
1,368671;-2;-22;17
1,400653;-3;-22;17
1,408623;-2;-22;17
1,429644;-3;-22;17
1,451620;-3;-22;16
1,508645;-3;-22;17
1,524615;-3;-22;16
1,528624;-2;-22;16
1,541629;-3;-22;17
1,563647;-2;-22;17
1,569626;-2;-22;16
1,584626;-2;-22;17
1,590632;-2;-22;16
1,660635;-3;-22;16
1,669629;-3;-22;17
1,750647;-3;-22;16
1,771617;-2;-22;16
1,780628;-3;-22;16
1,801673;-3;-22;17
1,831636;-3;-22;16
1,840622;-3;-22;17
1,854632;-2;-22;16
1,890640;-2;-22;17
1,955630;-3;-22;17
1,985624;-2;-22;17
2,005638;-2;-22;16
2,038645;-3;-22;16
2,078627;-3;-22;15
2,083614;-3;-22;16
2,109624;-2;-22;17
2,155655;-2;-22;16
2,164631;-2;-22;17
2,180626;-2;-22;16
2,215642;-2;-22;17
2,236632;-2;-22;16
2,259630;-2;-22;17
2,265626;-3;-22;17
2,315643;-2;-22;17
2,330655;-2;-22;16
2,366642;-2;-22;17
2,400660;-1;-22;17
2,409617;-2;-22;17
2,418616;-2;-22;16
2,453644;-2;-22;17
2,478628;-2;-22;16
2,515626;-1;-22;16
2,519627;-2;-22;16
2,580635;-2;-22;17
2,603646;-2;-22;16
2,624628;-2;-22;15
2,656646;-3;-22;15
2,660618;-3;-23;15
2,684626;-2;-23;15
2,690629;-2;-23;16
2,703616;-2;-22;16
2,724624;-1;-22;16
2,753653;-1;-22;17
2,768630;-1;-23;17
2,774629;-1;-22;17
2,783628;-1;-23;17
2,824654;-1;-22;16
2,843632;-1;-23;16
2,854624;-2;-23;17
2,884626;-2;-23;18
2,899633;-2;-24;18
2,905628;-2;-24;17
2,920625;-1;-23;17
2,926620;-1;-23;16
2,935618;0;-23;15
2,955622;0;-23;14
2,969632;-1;-23;15
2,975623;-1;-22;16
2,989641;-1;-23;17
3,009630;-1;-23;16
3,018621;-1;-24;15
3,038665;-1;-24;14
3,058641;0;-24;13
3,066623;0;-23;13
3,081626;1;-23;13
3,109631;1;-24;13
3,120621;1;-24;12
3,128622;1;-25;12
3,153630;2;-25;12
3,159621;2;-25;11
3,171632;1;-25;11
3,190643;1;-25;10
3,203631;0;-25;11
3,221628;-1;-26;12
3,241637;-2;-27;13
3,258626;-2;-28;14
3,261626;-2;-29;14
3,275619;0;-29;16
3,281622;2;-27;18
3,294622;4;-26;21
3,303616;6;-23;24
3,311616;6;-20;26
3,324623;4;-20;25
3,333661;2;-21;23
3,346636;1;-23;19
3,353625;0;-20;17
3,367624;1;-18;17
3,375631;4;-17;15
3,384621;5;-16;13
3,398635;6;-15;10
3,404622;6;-16;8
3,416622;5;-14;11
3,425624;6;-13;14
3,434630;7;-13;14
3,448624;6;-13;16
3,454629;4;-12;17
3,469632;3;-10;18
3,475624;2;-7;18
3,490634;3;-8;19
3,496631;5;-12;19
3,505621;7;-14;20
3,521624;5;-14;25
3,528628;-3;-12;34
3,536623;-10;-13;40
3,550623;-11;-16;40
3,556623;-9;-16;34
3,570628;-7;-17;30
3,576622;-9;-20;29
3,593636;-13;-22;29
3,596622;-15;-23;26
3,609624;-16;-24;23
3,618621;-15;-27;23
3,626631;-14;-29;24
3,639628;-14;-29;26
3,648632;-13;-28;28
3,664621;-10;-28;28
3,668619;-7;-27;26
3,683620;-5;-27;23
3,689622;-3;-28;20
3,698622;-2;-29;17
3,714629;1;-31;13
3,720626;3;-33;13
3,729625;5;-33;13
3,741628;5;-32;13
3,750620;4;-30;17
3,767625;7;-30;17
3,770619;10;-29;18
3,782621;11;-27;19
3,790642;11;-24;17
3,799627;8;-22;16
3,811638;6;-20;13
3,820621;5;-19;7
3,833626;4;-17;3
3,841623;3;-16;-1
3,850631;3;-14;-4
3,865630;4;-13;-7
3,871622;6;-12;-10
3,880621;6;-11;-11
3,894622;6;-9;-12
3,900633;5;-8;-11
3,916631;5;-8;-10
3,923621;5;-7;-12
3,931644;5;-6;-14
3,944635;2;-5;-15
3,953629;0;-4;-15
3,961634;0;-4;-16
3,974630;0;-3;-18
3,983628;1;-3;-19
3,991611;1;-3;-21
4,008624;2;-3;-22
4,011618;4;-3;-23
4,024632;4;-1;-24
4,033629;5;0;-24
4,041618;6;1;-24
4,058631;8;2;-24
4,064621;8;2;-23
4,073622;8;4;-21
4,089628;7;5;-21
4,093627;7;6;-22
4,109638;6;8;-23
4,113621;6;9;-25
4,128631;8;10;-27
4,134621;9;12;-29
4,143636;10;13;-30
4,156630;11;13;-33
4,165629;11;14;-34
4,184607;11;15;-34
4,198634;13;15;-36
4,206623;13;14;-37
4,215622;13;13;-37
4,229625;14;14;-36
4,238622;15;14;-36
4,246629;16;14;-36
4,260634;15;13;-35
4,266621;14;10;-34
4,281627;13;9;-30
4,288624;12;8;-27
4,296627;13;8;-25
4,311616;13;6;-24
4,318620;12;5;-23
4,334676;11;4;-23
4,338620;10;2;-22
4,351619;10;1;-22
4,358635;9;-1;-22
4,370620;8;-3;-22
4,379635;8;-5;-23
4,394661;9;-7;-24
4,400623;9;-9;-26
4,409621;10;-11;-27
4,425623;10;-13;-27
4,429623;10;-14;-26
4,442652;10;-14;-23
4,451282;8;-13;-20
4,465638;7;-12;-16
4,471625;5;-11;-13
4,480629;5;-9;-10
4,494619;5;-7;-8
4,500622;5;-5;-8
4,514624;5;-3;-9
4,520619;7;0;-11
4,535633;8;3;-14
4,541634;10;5;-17
4,558623;11;7;-21
4,564628;12;9;-23
4,573626;12;10;-26
4,581630;12;11;-27
4,598647;11;12;-28
4,604622;10;12;-29
4,613623;9;12;-29
4,626624;8;12;-30
4,633621;6;12;-30
4,649622;6;12;-29
4,653619;4;11;-27
4,669629;4;12;-26
4,673626;4;12;-25
4,686622;4;12;-24
4,693629;4;12;-23
4,709624;5;12;-24
4,738626;6;12;-25
4,744622;5;13;-25
4,760621;5;13;-26
4,776628;5;14;-26
4,785628;5;15;-25
4,798643;6;18;-25
4,806661;6;19;-26
4,819627;6;19;-27
4,828626;6;19;-30
4,843630;6;20;-32
4,849633;5;20;-33
4,858623;4;21;-33
4,870617;2;23;-33
4,879634;1;23;-33
4,888629;0;23;-34
4,903617;-1;23;-35
4,919629;0;23;-35
4,928623;0;22;-35
4,943620;2;22;-34
4,949621;3;21;-33
4,961622;4;20;-32
4,970617;4;20;-31
4,986623;5;18;-30
4,990637;6;17;-31
5,006633;7;16;-31
5,010623;7;16;-29
5,025625;8;16;-26
5,031603;8;17;-22
5,046626;7;18;-17
5,050627;7;19;-14
5,066636;7;19;-11
5,070621;5;20;-8
5,086626;5;22;-5
5,090633;4;24;-1
5,103624;5;26;3
5,111633;6;29;9
5,120620;8;33;15
5,134643;13;35;22
5,140621;22;36;29
5,155649;31;32;32
5,163619;35;28;39
5,171624;33;23;56
5,185630;25;17;72
5,194632;14;11;78
5,203630;8;5;78
5,215623;6;-3;67
5,224629;7;-8;53
5,240621;8;-10;44
5,244620;9;-11;40
5,259621;9;-12;43
5,265621;9;-13;45
5,274622;8;-12;50
5,286623;10;-11;53
5,295629;12;-11;54
5,308635;15;-9;54
5,316629;18;-7;54
5,331159;22;-4;59
5,336638;25;0;66
5,350635;28;4;72
5,356628;32;3;67
5,373624;32;1;56
5,376624;27;-1;45
5,389698;22;-2;35
5,398636;18;-5;25
5,406621;14;-9;20
5,420632;13;-11;17
5,426621;12;-13;15
5,443614;11;-14;14
5,446621;10;-15;13
5,460630;10;-14;12
5,466621;9;-13;12
5,483627;7;-11;9
5,489623;4;-10;4
5,498622;1;-10;-3
5,513629;-2;-12;-7
5,519626;-3;-14;-11
5,528621;-3;-15;-13
5,543622;-2;-16;-15
5,549620;-2;-16;-17
5,563624;-3;-16;-19
5,569632;-5;-16;-22
5,582625;-8;-18;-25
5,591645;-10;-20;-27
5,608636;-11;-22;-27
5,610617;-10;-22;-25
5,624631;-7;-21;-22
5,630630;-5;-21;-17
5,644621;-3;-20;-12
5,653627;-2;-20;-8
5,661621;-2;-18;-4
5,678621;-2;-16;1
5,684618;-1;-14;7
5,693622;1;-13;12
5,701624;5;-12;15
5,718629;10;-11;19
5,724630;15;-10;25
5,733633;18;-10;37
5,749619;16;-10;53
5,753621;11;-11;65
5,768631;7;-10;71
5,774623;8;-10;69
5,790637;12;-10;63
5,794618;17;-8;58
5,810646;22;-6;56
5,814620;24;-6;56
5,824631;25;-7;57
5,834629;23;-8;59
5,848626;19;-8;60
5,854634;16;-8;59
5,869632;14;-8;59
5,875621;12;-7;57
5,888630;12;-6;53
5,896627;13;-4;48
5,906630;13;-3;41
5,921626;13;-3;34
5,928620;12;-4;30
5,936628;9;-5;28
5,951617;5;-6;28
5,958619;2;-4;28
5,970625;1;-3;29
5,979629;1;-1;30
5,988616;1;3;30
6,004638;0;8;26
6,008626;1;14;21
6,024628;1;19;14
6,030639;2;23;7
6,039629;2;25;0
6,053640;0;27;-5
6,059623;0;27;-9
6,074624;-1;28;-11
6,080619;-1;28;-14
6,089623;-1;29;-16
6,105623;0;30;-18
6,111627;1;32;-21
6,120626;2;32;-23
6,134623;3;32;-26
6,140624;4;33;-30
6,153628;4;34;-34
6,161622;6;32;-38
6,175638;7;34;-40
6,181620;9;35;-43
6,194644;10;37;-44
6,203639;9;37;-45
6,218632;9;39;-45
6,224620;8;42;-45
6,239630;8;44;-45
6,245628;8;43;-44
6,254624;7;43;-44
6,268623;6;41;-43
6,274620;5;37;-43
6,288623;2;32;-42
6,294619;0;27;-40
6,309630;-3;22;-39
6,316626;-4;18;-36
6,326626;-5;15;-34
6,335664;-4;12;-31
6,351628;-3;9;-30
6,358601;-1;7;-29
6,366623;2;4;-28
6,380642;5;2;-27
6,386622;7;-1;-26
6,401637;9;-4;-25
6,408626;10;-7;-23
6,421628;11;-9;-20
6,428619;11;-11;-17
6,443635;11;-12;-13
6,449627;11;-14;-10
6,458621;10;-14;-5
6,474626;10;-14;-1
6,478629;9;-14;2
6,493630;9;-15;4
6,499619;9;-14;5
6,514634;9;-12;4
6,520618;9;-11;1
6,529629;10;-9;-2
6,544633;10;-7;-5
6,550628;10;-4;-8
6,559622;10;-1;-11
6,575618;9;1;-13
6,581619;8;3;-15
6,590635;7;5;-17
6,605628;5;7;-19
6,611629;4;8;-21
6,620629;4;10;-23
6,634634;3;13;-25
6,640625;2;14;-28
6,656633;2;16;-31
6,663622;2;18;-35
6,671630;2;19;-38
6,685631;2;20;-40
6,691626;1;21;-42
6,705622;-2;21;-46
6,711618;-29;8;-81
6,724627;-15;24;-40
6,733625;1;30;-22
6,741621;2;27;-23
6,754633;0;26;-30
6,763622;1;25;-38
6,778940;3;24;-41
6,784621;4;25;-42
6,799633;2;25;-42
6,805605;1;24;-42
6,821636;-1;24;-43
6,825621;-1;23;-45
6,840631;-1;24;-46
6,846622;1;25;-46
6,855632;3;26;-43
6,871617;4;27;-38
6,878632;5;27;-34
6,886618;5;27;-30
6,900621;4;26;-25
6,906621;3;25;-22
6,920628;3;23;-19
6,926631;1;21;-16
6,939643;1;20;-13
6,948628;1;21;-9
6,956632;2;22;-6
6,971619;3;23;-2
6,978619;3;23;3
6,990637;3;21;7
6,999624;2;20;12
7,013623;4;17;13
7,019622;5;15;13
7,034627;9;12;12
7,039695;12;10;14
7,058657;12;10;16
7,059621;13;10;18
7,070630;13;10;21
7,079653;13;10;26
7,093609;15;8;31
7,099602;18;7;35
7,115621;21;5;40
7,121609;21;4;43
7,130609;21;4;45
7,143604;21;4;46
7,151613;22;3;47
7,160601;23;2;49
7,173606;25;2;52
7,181605;26;4;55
7,195629;29;6;57
7,202604;31;7;56
7,216604;34;9;55
7,223586;35;10;53
7,236581;35;11;53
7,243580;35;9;50
7,256595;33;6;46
7,263583;30;4;42
7,275581;27;2;40
7,284583;25;0;37
7,299584;19;-3;36
7,305575;14;-5;34
7,321582;11;-7;31
7,325577;10;-8;27
7,340618;10;-10;22
7,346579;10;-12;18
7,361583;10;-13;15
7,368580;10;-14;14
7,376582;10;-14;13
7,389613;10;-14;12
7,398493;10;-14;10
7,406690;10;-15;8
7,419596;9;-16;5
7,428582;9;-17;3
7,436577;9;-17;1
7,449585;8;-18;1
7,469637;7;-18;1
7,480610;7;-18;0
7,488602;5;-19;-1
7,500600;3;-19;-2
7,509603;1;-21;-4
7,518577;0;-22;-5
7,531600;-1;-23;-6
7,540629;-2;-23;-6
7,549632;-3;-23;-6
7,558629;-3;-22;-7
7,571634;-4;-22;-7
7,579613;-4;-21;-6
7,593639;-3;-18;-7
7,607626;-1;-17;-8
7,610676;1;-15;-7
7,625639;3;-12;-5
7,631635;6;-9;-1
7,640623;9;-5;7
7,653628;16;1;23
7,661624;24;7;39
7,670640;32;8;50
7,683626;37;10;56
7,691636;37;15;58
7,700626;31;19;60
7,714631;24;16;57
7,720626;15;9;56
7,736626;10;2;54
7,743640;6;2;51
7,751632;5;2;49
7,767705;6;1;50
7,778802;10;1;54
7,781638;14;-1;57
7,796645;15;3;62
7,803637;15;7;65
7,818629;16;8;59
7,824632;17;6;51
7,833634;16;6;46
7,845626;14;5;44
7,854627;11;3;43
7,870646;9;3;43
7,874627;9;2;41
7,886625;10;2;38
7,895625;11;3;33
7,904624;10;3;27
7,916625;9;4;22
7,925628;8;4;18
7,934628;7;4;16
7,946635;8;5;14
7,955625;9;6;12
7,969637;8;7;10
7,975623;7;8;7
7,991644;6;10;2
7,998599;4;11;-1
8,006624;2;14;0
8,019640;-1;18;-1
8,028624;-1;19;-7
8,036625;-1;18;-11
8,049633;-3;15;-14
8,058605;-1;13;-19
8,067624;1;13;-22
8,081630;5;15;-22
8,088623;8;17;-23
8,104626;12;18;-26
8,110632;13;20;-27
8,119626;14;25;-28
8,134648;15;27;-30
8,140626;17;26;-32
8,149628;18;24;-33
8,165636;18;21;-33
8,171632;17;20;-34
8,180624;16;20;-35
8,196642;16;19;-35
8,200629;18;21;-35
8,216625;19;23;-33
8,220621;21;25;-30
8,234642;22;27;-28
8,240626;24;30;-27
8,255634;26;30;-26
8,261626;27;29;-26
8,284642;28;28;-26
8,293633;27;26;-25
8,306635;25;23;-24
8,313632;23;21;-23
8,329610;22;19;-22
8,333627;21;18;-22
8,346655;20;16;-23
8,353625;19;15;-24
8,366711;19;13;-25
8,373625;20;12;-26
8,385637;19;10;-27
8,394650;19;8;-26
8,403638;18;7;-27
8,415625;18;5;-27
8,424635;17;2;-26
8,439626;15;-2;-23
8,445623;12;-6;-19
8,461642;7;-10;-14
8,465624;3;-14;-10
8,480624;1;-17;-7
8,486644;1;-19;-5
8,499626;2;-20;-3
8,508625;4;-21;0
8,516632;6;-21;2
8,531636;8;-20;4
8,538624;11;-20;7
8,547631;13;-19;9
8,561625;15;-17;11
8,568631;18;-16;12
8,580631;21;-14;10
8,589654;22;-12;7
8,598635;23;-11;2
8,611637;23;-11;-4
8,618625;22;-10;-8
8,634555;21;-9;-11
8,638600;19;-8;-14
8,653625;18;-8;-16
8,659625;17;-7;-17
8,668633;15;-7;-18
8,684632;14;-6;-19
8,688623;12;-5;-19
8,701625;12;-3;-20
8,710625;12;-1;-20
8,719626;12;1;-21
8,731625;12;3;-22
8,740636;11;4;-22
8,749627;10;6;-22
8,761642;8;7;-21
8,770626;8;9;-20
8,779624;8;12;-20
8,795641;10;15;-22
8,801624;11;17;-24
8,810626;14;19;-25
8,824635;17;21;-27
8,830597;19;23;-28
8,844640;21;26;-30
8,850608;36;28;-55
8,866639;34;31;-54
8,873641;19;31;-27
8,887630;18;29;-21
8,891632;19;27;-24
8,905631;20;27;-29
8,911634;19;28;-32
8,928625;17;27;-33
8,931631;15;27;-31
8,948625;14;27;-28
8,954599;15;28;-27
8,963631;18;29;-29
8,976627;23;29;-34
8,983627;26;29;-36
8,996641;27;31;-36
9,003627;27;32;-33
9,018602;24;33;-28
9,024632;19;31;-23
9,038602;13;29;-20
9,044633;10;27;-19
9,056627;7;25;-19
9,065650;7;23;-19
9,074628;8;23;-18
9,096629;6;23;-16
9,105624;3;21;-13
9,118597;0;21;-7
9,126633;-3;22;1
9,143632;-5;23;10
9,146627;-3;23;15
9,159604;3;22;17
9,168625;9;19;19
9,180646;13;16;22
9,189601;16;13;26
9,198640;17;12;31
9,213640;18;12;35
9,219607;18;11;38
9,228626;19;9;38
9,244627;22;7;37
9,250631;23;6;38
9,259598;24;5;42
9,275634;23;4;48
9,279620;21;3;56
9,293626;17;1;63
9,299632;16;0;67
9,314639;15;0;71
9,320619;17;2;71
9,334655;21;2;64
9,340648;26;1;54
9,356629;30;0;46
9,362629;31;0;42
9,375655;32;0;43
9,381646;31;-2;44
9,396641;31;-3;46
9,403625;30;-2;47
9,411625;29;-3;46
9,424627;26;-4;41
9,433631;23;-5;35
9,441623;20;-7;30
9,458629;17;-7;26
9,464625;15;-8;22
9,473627;14;-8;18
9,486633;13;-10;15
9,493631;13;-10;11
9,508625;12;-11;8
9,514614;11;-12;5
9,523634;10;-13;2
9,535625;7;-14;1
9,544623;6;-16;1
9,559627;6;-17;0
9,565619;5;-18;0
9,585631;5;-18;-1
9,599642;6;-18;-2
9,605626;6;-18;-3
9,620626;5;-18;-5
9,626535;4;-18;-7
9,635631;2;-19;-9
9,650633;1;-20;-11
9,656625;0;-21;-12
9,671668;0;-22;-13
9,678624;0;-23;-14
9,709638;0;-23;-13
9,718625;-1;-23;-11
9,726626;-1;-22;-7
9,741625;0;-21;-3
9,748626;2;-19;2
9,757632;8;-15;17
9,771628;11;-9;34
9,778625;17;-5;50
9,793645;22;-5;60
9,799623;25;-8;66
9,808629;26;-11;66
9,821646;24;-11;62
9,828633;21;-11;56
9,840637;20;-10;48
9,849626;19;-11;43
9,865636;19;-12;38
9,871627;19;-13;35
9,880630;18;-14;33
9,893629;17;-14;33
9,901631;16;-15;34
9,910607;14;-15;35
9,923634;13;-15;37
9,931625;12;-15;37
9,940631;10;-14;38
9,954628;9;-13;38
9,960623;8;-12;37
9,976641;8;-11;34
9,983634;8;-10;33
9,991643;6;-9;31
10,004627;5;-7;28
10,013622;5;-6;24
10,021629;7;-4;21
10,035633;10;-2;19
10,041623;11;0;18
10,058626;10;4;18
10,064620;10;7;15
10,073628;10;10;12
10,088636;10;12;7
10,094603;11;14;2
10,103632;11;15;-2
10,115625;9;17;-5
10,124639;8;20;-8
10,133625;8;23;-9
10,146625;8;26;-11
10,155643;8;28;-14
10,168625;8;29;-18
10,174634;8;31;-20
10,189626;8;32;-22
10,195634;9;35;-25
10,204627;12;36;-27
10,220609;15;38;-30
10,224620;18;39;-34
10,240626;23;38;-37
10,244619;24;38;-39
10,258637;26;37;-41
10,264622;27;37;-42
10,279642;28;36;-43
10,285623;27;36;-42
10,300627;24;37;-37
10,306610;21;36;-33
10,315627;18;34;-29
10,328627;15;32;-27
10,336642;13;29;-26
10,345642;11;26;-25
10,361629;9;23;-23
10,365620;9;19;-22
10,378609;8;17;-22
10,386623;9;14;-22
10,395648;10;12;-23
10,410602;12;9;-25
10,416630;13;7;-26
10,430637;13;7;-27
10,439625;14;3;-27
10,448625;14;1;-27
10,460628;14;-1;-27
10,469639;14;-3;-25
10,478639;14;-3;-24
10,490631;14;-4;-22
10,499624;14;-4;-19
10,508627;14;-5;-16
10,523682;14;-5;-12
10,529627;14;-5;-9
10,545639;14;-4;-5
10,549630;15;-4;-2
10,563627;15;-3;1
10,569648;16;-2;3
10,583628;17;-1;4
10,589628;18;0;2
10,604635;20;1;-1
10,610628;21;2;-5
10,623629;21;3;-8
10,631633;20;5;-11
10,644632;19;6;-13
10,653625;17;7;-16
10,661623;15;8;-18
10,674607;13;9;-21
10,683630;12;10;-24
10,691623;11;11;-27
10,705624;10;12;-29
10,711627;10;13;-32
10,724637;11;14;-35
10,733625;11;15;-38
10,748636;11;15;-40
10,754601;11;16;-41
10,770610;10;16;-40
10,774595;8;16;-38
10,788628;7;15;-38
10,794602;6;13;-39
10,808630;4;13;-38
10,814622;5;14;-37
10,828641;9;14;-37
10,836634;11;14;-37
10,845624;14;14;-40
10,860631;16;14;-42
10,866555;17;14;-41
10,880638;15;14;-40
10,889627;13;14;-36
10,898636;11;13;-33
10,911630;8;12;-32
10,918633;7;12;-31
10,943642;7;13;-30
10,949625;8;14;-28
10,958603;9;15;-26
10,970619;10;16;-23
10,979631;12;17;-19
10,991642;14;17;-14
11,000626;14;17;-8
11,009626;15;15;-4
11,024643;17;13;-2
11,030633;18;11;-1
11,039626;19;9;-1
11,054627;19;9;-3
11,060625;19;9;-9
11,070587;19;9;-15
11,085627;16;10;-18
11,091635;11;11;-17
11,100633;6;12;-13
11,115629;4;13;-6
11,121623;3;14;2
11,130625;4;15;14
11,144637;4;17;32
11,153630;3;15;50
11,161632;1;12;65
11,175639;-1;9;75
11,181631;-3;4;78
11,194648;-4;-1;76
11,203624;-4;-3;72
11,211634;-2;-3;69
11,226629;4;-3;65
11,233630;10;-3;63
11,245626;16;-3;62
11,254602;19;-4;61
11,263624;21;-5;60
11,279629;21;-5;58
11,283628;21;-7;55
11,296625;21;-7;51
11,303631;19;-8;47
11,318598;19;-9;43
11,324642;17;-10;41
11,339666;16;-10;40
11,345625;15;-10;39
11,358627;14;-10;38
11,366632;14;-10;36
11,375625;14;-11;33
11,391668;14;-11;30
11,395627;13;-11;26
11,411627;13;-11;23
11,415625;13;-11;19
11,429630;12;-12;15
11,436631;12;-12;12
11,446621;11;-12;10
11,461638;10;-13;7
11,468625;9;-13;4
11,476632;8;-13;2
11,491637;7;-14;-1
11,498605;6;-14;-3
11,506597;5;-14;-5
11,519632;5;-14;-7
11,528623;4;-13;-9
11,544641;3;-13;-13
11,548622;2;-13;-17
11,564627;1;-14;-21
11,568625;-2;-14;-21
11,580635;-1;-15;-21
11,589624;1;-17;-21
11,598609;4;-18;-22
11,613629;7;-19;-23
11,620593;9;-17;-24
11,628636;8;-15;-24
11,640636;6;-14;-23
11,649633;4;-14;-25
11,658596;3;-16;-28
11,671644;2;-18;-30
11,680625;0;-18;-31
11,689622;-3;-16;-34
11,704636;-7;-13;-34
11,710632;-10;-16;-30
11,724628;-10;-14;-28
11,730597;-7;-7;-31
11,746645;-5;-1;-26
11,750595;-3;3;-18
11,765628;-2;10;-8
11,771631;6;23;19
11,780626;-3;38;67
11,795641;3;31;95
11,801620;5;25;103
11,816630;0;25;102
11,823634;-13;35;105
11,831633;-23;33;92
11,846630;-28;21;73
11,853621;-27;10;55
11,861629;-28;5;51
11,874613;-29;5;55
11,883629;-30;2;57
11,895626;-33;-3;54
11,904631;-33;-5;45
11,913629;-30;-2;39
11,929649;-25;-1;37
11,933621;-20;0;37
11,949603;-14;2;37
11,955620;-10;3;35
11,964626;-6;2;33
11,979629;-6;-1;32
11,985620;-8;-4;31
11,997641;-13;-5;32
12,004638;-17;-5;34
12,019634;-17;-4;36
12,025636;-15;-2;36
12,034647;-11;0;33
12,048638;-9;3;30
12,056621;-7;4;24
12,065637;-3;5;19
12,080649;1;4;14
12,086595;2;4;10
12,099631;4;7;7
12,108627;5;9;6
12,116623;6;11;3
12,133636;8;9;-1
12,136620;9;10;-3
12,149629;11;13;-3
12,159631;12;16;-7
12,167629;10;15;-6
12,179644;6;10;-1
12,188635;6;6;-1
12,201644;7;4;-3
12,208626;9;4;-1
12,220623;13;10;2
12,229634;18;19;1
12,238603;25;26;-3
12,253628;31;30;-7
12,259632;34;31;-9
12,268623;37;28;-12
12,284630;40;25;-16
12,290626;37;23;-17
12,299632;33;24;-15
12,311638;28;25;-10
12,320612;28;28;-11
12,329626;29;30;-11
12,345666;28;31;-8
12,349729;29;33;-9
12,361633;29;34;-8
12,370634;29;36;-7
12,379633;31;37;-9
12,395637;42;37;-20
12,399627;36;32;-21
12,411638;24;31;-10
12,420640;19;30;-4
12,435627;23;26;-4
12,441627;28;22;-8
12,450624;31;20;-11
12,463628;31;18;-13
12,471626;29;16;-11
12,480626;28;14;-10
12,494632;27;12;-9
12,500632;28;8;-8
12,513625;28;6;-8
12,521627;28;2;-7
12,536636;24;-2;-8
12,543622;20;-5;-8
12,559629;17;-8;-7
12,563626;14;-10;-7
12,579630;12;-12;-6
12,593677;12;-11;-5
12,608631;12;-9;-5
12,614622;14;-7;-5
12,630629;16;-5;-6
12,634624;18;-3;-7
12,648633;19;-1;-8
12,654628;21;2;-10
12,668635;23;3;-12
12,674624;24;4;-13
12,690645;25;5;-15
12,696621;24;5;-16
12,705626;23;6;-17
12,725629;22;6;-18
12,729633;22;6;-20
12,736620;22;6;-21
12,745633;22;6;-23
12,759844;23;6;-24
12,765633;22;5;-25
12,796649;22;4;-24
12,805638;20;3;-24
12,818629;19;2;-23
12,826620;17;1;-22
12,839640;16;0;-21
12,848625;14;-1;-21
12,860605;13;-2;-20
12,869649;13;-2;-18
12,878627;13;-3;-17
12,891630;14;-3;-16
12,899626;15;-3;-16
12,911626;16;-2;-16
12,918624;17;-1;-16
12,933626;18;-1;-16
12,950648;17;0;-15
12,959635;17;1;-14
12,971629;17;3;-14
12,980635;18;5;-14
12,995640;17;7;-14
13,001629;18;10;-15
13,016626;20;13;-18
13,023629;21;14;-20
13,031626;22;16;-22
13,048629;23;18;-23
13,051623;24;19;-24
13,066602;25;19;-25
13,073628;26;21;-25
13,089626;27;22;-26
13,093633;28;22;-27
13,109629;30;23;-28
13,113620;28;22;-28
13,126605;24;25;-26
13,133640;23;28;-25
13,160641;21;27;-25
13,166622;19;29;-24
13,175630;19;33;-23
13,184625;19;32;-22
13,200651;17;33;-21
13,206598;14;34;-18
13,215634;11;35;-14
13,230628;8;37;-11
13,236624;5;39;-8
13,245623;3;41;-5
13,260634;0;43;3
13,266629;-6;45;19
13,275627;-19;50;54
13,290643;-26;46;91
13,296621;-26;27;104
13,313636;-8;3;97
13,319655;7;0;74
13,328626;14;5;58
13,336636;18;6;54
13,353663;20;5;64
13,359627;19;6;75
13,368624;19;6;76
13,384642;21;5;66
13,388638;23;2;52
13,404640;23;0;41
13,410625;22;-4;32
13,419649;17;-8;28
13,433635;12;-12;27
13,439625;8;-14;27
13,451632;5;-16;27
13,460635;4;-18;26
13,469646;3;-18;24
13,485628;3;-19;22
13,489632;4;-19;20
13,503637;5;-19;19
13,510633;6;-18;18
13,521633;8;-17;17
13,530603;9;-16;16
13,545641;10;-16;15
13,551623;10;-16;14
13,560625;9;-16;14
13,576631;9;-17;14
13,580643;8;-17;15
13,594568;8;-16;18
13,600627;8;-16;20
13,615626;9;-14;22
13,621636;9;-14;24
13,636634;10;-13;25
13,643633;10;-14;25
13,658636;9;-15;24
13,664625;8;-15;21
13,673628;7;-15;21
13,689630;6;-15;21
13,693624;7;-16;19
13,705626;7;-15;19
13,714625;7;-16;20
13,723683;6;-16;21
13,738619;6;-16;22
13,744625;6;-16;21
13,756632;6;-17;20
13,765625;4;-17;19
13,778606;2;-17;19
13,786605;3;-17;20
13,795638;3;-17;22
13,808638;4;-16;23
13,816624;6;-15;24
13,826115;8;-15;25
13,841629;9;-13;27
13,845612;10;-11;28
13,859607;10;-9;30
13,868627;9;-9;30
13,876627;9;-9;29
13,889628;9;-10;26
13,898608;7;-11;23
13,906622;6;-12;21
13,919645;4;-14;19
13,928626;3;-15;18
13,936624;4;-17;17
13,953633;2;-17;17
13,959627;1;-18;18
13,968624;1;-18;19
13,981639;2;-18;18
13,988624;4;-18;18
14,007642;5;-18;17
14,034684;5;-19;17
14,047569;4;-18;19
14,049647;5;-18;20
14,065625;7;-17;20
14,069620;9;-17;21
14,083647;10;-17;23
14,089662;10;-17;24
14,101662;10;-16;24
14,110619;9;-16;25
14,124623;8;-18;24
14,130652;7;-18;23
14,146713;6;-18;23
14,153640;5;-18;22
14,161631;5;-19;21
14,176629;5;-20;21
14,183622;4;-21;19
14,191644;3;-22;19
14,205606;2;-22;18
14,211609;1;-21;19
14,226638;2;-21;19
14,233593;3;-20;19
14,245626;4;-20;20
14,254595;5;-19;20
14,263595;6;-19;20
14,275619;7;-18;20
14,284629;8;-18;19
14,293600;8;-17;19
14,305595;9;-16;19
14,314624;8;-16;19
14,344658;8;-16;20
14,353626;7;-15;21
14,365597;8;-15;21
14,385604;9;-16;21
14,398645;9;-16;20
14,404594;9;-17;20
14,419595;9;-17;19
14,425601;8;-18;19
14,439599;8;-18;18
14,454507;8;-19;18
14,456611;8;-20;17
14,471615;8;-20;16
14,478599;7;-20;15
14,502653;6;-20;15
14,506630;5;-20;15
14,521632;4;-20;15
14,528629;4;-17;14
14,544634;4;-20;13
14,548622;4;-21;12
14,564630;4;-22;10
14,568624;4;-24;8
14,580626;6;-25;6
14,589619;9;-25;6
14,605636;12;-24;7
14,609625;15;-22;10
14,624633;16;-20;13
14,630631;15;-18;17
14,639627;12;-17;20
14,655622;8;-16;22
14,661622;3;-16;23
14,670614;-1;-16;24
14,683623;-5;-15;25
14,691632;-8;-14;27
14,714632;-7;-12;27
14,720621;-7;-10;29
14,735634;-3;-11;29
14,741635;1;-12;27
14,756630;4;-12;25
14,763617;6;-12;23
14,771619;6;-12;22
14,788632;5;-12;21
14,794635;4;-11;19
14,803617;4;-12;19
14,817627;3;-12;19
14,824626;3;-13;19
14,836628;2;-14;19
14,843619;2;-15;19
14,859627;2;-16;18
14,863617;2;-16;17
14,875628;3;-21;17
14,884630;2;-27;22
14,893629;-4;-23;34
14,905632;-7;-16;45
14,914623;-8;-12;46
14,926625;-2;-16;38
14,935631;3;-16;30
14,950630;7;-15;23
14,956629;8;-14;18
14,965627;8;-14;14
14,980625;8;-15;10
14,986624;7;-16;8
14,995635;4;-17;8
15,009625;1;-18;10
15,015629;-2;-18;13
15,033914;-5;-19;16
15,036635;-7;-19;19
15,053626;-8;-18;23
15,059625;-5;-18;26
15,068630;-2;-18;29
15,080627;2;-18;30
15,089639;4;-18;28
15,098629;5;-17;26
15,111637;6;-17;23
15,118623;6;-17;20
15,131637;4;-17;17
15,138623;2;-18;15
15,154633;-2;-18;15
15,160626;-6;-18;15
15,169646;-8;-18;17
15,185633;-10;-18;19
15,189622;-11;-16;22
15,201637;-12;-15;25
15,210624;-11;-12;29
15,219624;-11;-10;30
15,235638;-5;-9;32
15,241631;0;-8;32
15,250634;3;-9;32
15,265629;5;-10;31
15,271625;6;-10;30
15,286636;5;-11;27
15,293629;4;-13;25
15,301630;4;-15;22
15,310632;3;-16;19
15,324632;3;-17;18
15,333624;4;-18;16
15,341640;5;-19;15
15,361657;6;-19;15
15,378628;7;-18;15
15,384621;8;-18;14
15,393658;7;-18;14
15,406630;7;-17;15
15,413623;5;-17;16
15,429624;5;-17;17
15,435623;4;-16;19
15,444621;4;-15;21
15,458624;4;-15;22
15,464621;4;-15;23
15,476625;4;-14;24
15,509641;3;-14;24
15,515618;2;-14;24
15,524633;0;-14;24
15,540634;-1;-14;24
15,546625;0;-13;24
15,555620;1;-12;26
15,569627;4;-12;27
15,575633;6;-12;29
15,589629;8;-12;30
15,595632;9;-12;29
15,611633;10;-13;26
15,615633;10;-14;22
15,631626;9;-15;19
15,635629;8;-16;15
15,650635;6;-16;14
15,656628;4;-16;13
15,665623;1;-15;14
15,679620;-1;-15;16
15,688637;-5;-16;19
15,697631;-9;-15;23
15,709623;-11;-14;26
15,718620;-13;-13;29
15,733638;-13;-13;32
15,739617;-12;-13;33
15,755629;-10;-13;33
15,759623;-7;-13;31
15,774626;-5;-13;29
15,780624;-3;-13;26
15,794636;0;-14;23
15,800623;1;-14;21
15,813629;2;-15;19
15,821625;4;-16;17
15,830629;6;-16;16
15,846639;8;-16;15
15,850624;9;-16;15
15,863634;9;-17;15
15,871629;9;-17;16
15,880632;8;-17;17
15,895618;8;-17;18
15,901629;6;-17;19
15,910631;5;-16;21
15,923620;4;-16;21
15,931616;3;-16;21
15,946642;2;-16;21
15,953622;2;-16;22
15,961628;1;-16;22
15,974626;1;-16;23
15,983618;0;-15;23
16,006659;-1;-15;23
16,013623;-2;-15;24
16,021626;-2;-15;23
16,038626;-3;-15;24
16,044621;-3;-15;23
16,069640;-3;-15;22
16,085626;-4;-16;21
16,094623;-5;-16;21
16,103618;-5;-17;20
16,124627;-4;-16;21
16,138642;-1;-16;23
16,144627;2;-15;24
16,160623;6;-14;25
16,166628;8;-14;25
16,175626;11;-13;24
16,191630;12;-14;22
16,195633;13;-14;19
16,209625;12;-14;17
16,215630;9;-14;14
16,231627;5;-14;14
16,238622;1;-13;15
16,246630;-3;-13;17
16,261629;-7;-13;20
16,268625;-10;-13;23
16,276632;-13;-14;26
16,289641;-15;-14;28
16,298624;-15;-14;27
16,311631;-15;-12;25
16,318622;-16;-12;26
16,330625;-16;-12;27
16,339626;-15;-13;30
16,348656;-13;-13;31
16,361624;-10;-14;31
16,368624;-8;-14;29
16,381627;-6;-14;25
16,388623;-5;-15;22
16,403645;-3;-16;19
16,409630;-2;-16;16
16,421627;0;-16;15
16,430637;3;-16;15
16,443633;4;-16;15
16,452631;5;-16;17
16,461624;6;-16;18
16,476639;6;-15;19
16,480630;6;-15;20
16,493630;4;-15;21
16,501631;2;-14;22
16,510620;1;-15;21
16,525628;0;-14;21
16,531624;-2;-14;21
16,545645;-3;-14;22
16,551620;-4;-14;22
16,566622;-5;-14;22
16,573627;-6;-14;22
16,581623;-7;-14;22
16,596680;-8;-15;23
16,603618;-9;-15;23
16,615623;-9;-14;23
16,624632;-10;-14;24
16,646625;-10;-15;24
16,653622;-9;-15;23
16,665623;-8;-15;23
16,674625;-7;-15;22
16,683617;-7;-15;21
16,699625;-6;-15;21
16,725626;-5;-15;21
16,746635;-4;-15;21
16,755620;-4;-15;22
16,764624;-3;-15;22
16,786635;-3;-15;21
16,845654;-3;-15;22
16,858625;-3;-14;22
16,866636;-4;-15;22
16,899643;-5;-15;21
16,915619;-6;-15;21
16,936634;-6;-15;22
16,945628;-7;-15;22
16,960632;-6;-15;22
16,966627;-7;-15;22
16,991631;-6;-14;22
17,018635;-6;-15;22
17,040660;-6;-15;21
17,049635;-5;-15;21
17,089636;-4;-15;21
17,190666;-5;-15;21
17,211650;-6;-15;21
17,220603;-6;-16;21
17,243619;-6;-15;21
17,281636;-7;-14;22
17,295637;-7;-15;21
17,301624;-8;-16;21
17,315628;-7;-16;21
17,321623;-6;-16;21
17,336746;-4;-15;23
17,343627;-2;-13;24
17,356655;0;-12;25
17,363619;1;-12;27
17,375626;2;-12;28
17,384626;3;-12;26
17,393650;4;-12;24
17,409622;3;-13;21
17,413621;1;-14;19
17,429627;-1;-14;17
17,433623;-4;-15;15
17,446624;-8;-16;15
17,453624;-11;-17;16
17,466624;-14;-18;17
17,475622;-16;-18;18
17,484630;-17;-18;20
17,500647;-16;-18;20
17,506628;-16;-17;21
17,515618;-14;-17;20
17,528626;-12;-16;20
17,536629;-9;-15;20
17,545624;-7;-15;21
17,559624;-5;-14;21
17,565624;-4;-14;21
17,579628;-4;-14;22
17,588625;-4;-15;21
17,596638;-5;-15;21
17,613626;-6;-16;20
17,616624;-7;-16;19
17,651640;-6;-16;20
17,658624;-5;-16;20
17,666638;-5;-15;21
17,680628;-4;-14;21
17,689623;-4;-14;22
17,698623;-3;-13;23
17,720601;-4;-13;23
17,730632;-5;-13;23
17,743645;-6;-13;22
17,749627;-8;-14;21
17,763626;-9;-14;22
17,771621;-10;-13;23
17,780623;-11;-14;26
17,793654;-10;-13;29
17,801631;-9;-14;30
17,816626;-7;-15;28
17,823633;-6;-15;23
17,842640;-5;-16;18
17,848625;-5;-17;14
17,855615;-5;-16;12
17,864623;-6;-17;10
17,880632;-7;-17;11
17,884620;-9;-17;15
17,896631;-10;-17;18
17,905630;-10;-16;22
17,914623;-10;-16;25
17,929620;-10;-15;27
17,935616;-9;-15;26
17,949642;-8;-15;23
17,958626;-5;-16;20
17,966628;-4;-17;17
17,983629;-4;-18;14
17,986619;-3;-17;12
18,000646;-3;-16;12
18,006621;-3;-16;13
18,021635;-5;-16;16
18,028637;-7;-15;19
18,044632;-8;-15;23
18,050620;-9;-14;26
18,059624;-9;-14;28
18,069630;-10;-15;28
18,081627;-10;-15;27
18,090631;-9;-15;26
18,099645;-8;-16;24
18,114625;-7;-16;22
18,120598;-5;-16;21
18,129624;-4;-16;20
18,144630;-3;-16;20
18,173633;-4;-16;20
18,179621;-5;-16;21
18,211655;-6;-16;20
18,220604;-7;-17;19
18,243636;-7;-17;18
18,251645;-8;-17;18
18,264600;-7;-17;18
18,273629;-7;-17;19
18,303632;-7;-17;18
18,311621;-7;-18;18
18,326627;-8;-17;17
18,333620;-8;-15;19
18,341627;-8;-14;23
18,355672;-6;-13;28
18,361624;-4;-12;31
18,376629;-1;-12;33
18,383629;1;-13;31
18,398651;3;-14;27
18,404626;4;-16;21
18,413623;4;-18;15
18,428630;4;-20;10
18,434628;1;-21;5
18,443622;-2;-22;3
18,458626;-6;-22;4
18,464620;-8;-22;6
18,476627;-10;-20;10
18,485621;-11;-18;14
18,494631;-11;-16;19
18,509642;-12;-15;24
18,515621;-12;-13;29
18,524625;-11;-12;33
18,539626;-10;-11;34
18,545620;-9;-11;34
18,558533;-7;-11;32
18,566624;-6;-11;29
18,575623;-5;-12;26
18,588624;-5;-13;24
18,596636;-5;-14;22
18,605626;-5;-15;21
18,620603;-5;-16;20
18,626607;-6;-16;20
18,635630;-5;-17;19
18,678630;-3;-17;19
18,686630;-3;-17;18
18,709642;-3;-17;19
18,728634;-3;-18;18
18,741623;-3;-17;19
18,758624;-3;-17;20
18,770602;-3;-18;19
18,789632;-4;-18;18
18,798632;-5;-18;18
18,821633;-6;-18;19
18,841632;-6;-18;20
18,850645;-6;-17;20
18,881636;-5;-18;20
18,890625;-6;-18;19
18,913635;-7;-18;18
18,935635;-7;-17;19
18,941629;-8;-18;19
18,954640;-8;-17;20
18,963625;-8;-17;21
19,015663;-7;-17;20
19,034635;-6;-17;20
19,043621;-6;-17;21
19,051554;-5;-17;20
19,064628;-4;-17;20
19,073625;-4;-18;20
19,089625;-4;-18;19
19,095616;-3;-18;19
19,104625;-3;-18;18
19,129636;-4;-18;18
19,135616;-3;-18;18
19,149641;-4;-18;18
19,174633;-5;-18;19
19,205643;-6;-18;19
19,245631;-7;-18;19
19,285629;-7;-18;20
19,335652;-7;-18;19
19,399673;-6;-18;19
19,405628;-5;-18;19
19,418626;-4;-18;18
19,426625;-4;-18;19
19,447623;-5;-17;19
19,459632;-5;-17;20
19,478639;-6;-18;20
19,494625;-7;-18;20
19,498631;-7;-18;19
19,530639;-7;-18;18
19,539625;-6;-18;18
19,570620;-5;-18;18
19,610661;-6;-18;18
19,629629;-7;-18;19
19,689656;-7;-18;20
19,710628;-6;-18;20
19,720633;-7;-18;20
19,734632;-6;-18;19
19,740622;-7;-18;19
19,821669;-6;-18;19
19,944671;-6;-18;18
19,999648;-7;-18;19
20,014626;-6;-18;18
20,038640;-6;-18;19
20,046533;-7;-18;19
20,158665;-6;-18;18
20,173635;-7;-18;18
20,179627;-7;-18;19
20,219662;-6;-18;19
20,273641;-6;-18;18
20,294635;-7;-18;18
20,300625;-7;-19;18
20,316636;-7;-18;18
20,333632;-7;-19;18
20,341631;-7;-18;18
20,383675;-7;-18;19
20,402663;-6;-18;19
20,494641;-7;-18;18
20,533653;-7;-19;18
20,548626;-7;-18;18
20,564627;-7;-18;19
20,588634;-6;-18;19
20,614661;-6;-18;18
20,630626;-7;-18;18
20,656638;-6;-18;18
20,665630;-7;-18;19
20,728637;-7;-18;18
20,781652;-7;-18;19
20,816662;-7;-18;18
20,873676;-7;-18;19
20,929630;-7;-18;18
21,010661;-7;-18;19
21,019625;-7;-18;18
21,034650;-7;-18;19
21,091659;-7;-18;18
21,115627;-7;-18;19
21,152585;-7;-18;20
21,191615;-7;-18;19
21,204601;-7;-18;18
21,213582;-7;-19;18
21,221584;-7;-19;17
21,244583;-7;-18;18
21,265600;-7;-19;18
21,291588;-7;-19;17
21,305581;-6;-19;17
21,311576;-7;-19;18
21,325580;-6;-19;18
21,334577;-7;-19;18
21,396634;-7;-18;19
21,405611;-7;-19;18
21,456647;-6;-19;18
21,465616;-7;-19;18
21,519637;-7;-19;19
21,525617;-7;-19;18
21,539620;-7;-18;18
21,545629;-7;-19;19
21,559635;-7;-19;18
21,565627;-7;-18;19
21,579627;-7;-19;19
21,585622;-7;-19;18
21,599641;-7;-19;19
21,605630;-7;-19;18
21,686634;-7;-19;17
21,689623;-7;-20;17
21,701624;-8;-20;17
21,708638;-7;-20;17
21,721631;-7;-19;17
21,728625;-6;-19;16
21,740624;-6;-18;17
21,749623;-7;-17;18
21,761629;-8;-16;20
21,770713;-7;-15;22
21,779624;-6;-14;25
21,794647;-5;-11;27
21,800625;-7;-8;28
21,811624;-2;-11;23
21,820622;4;-10;29
21,829627;2;-6;44
21,844643;-2;-2;55
21,850635;-5;-2;60
21,865649;-7;-1;63
21,871631;-7;1;66
21,880622;-3;1;68
21,896624;-2;2;69
21,900622;-5;4;71
21,916626;-7;6;72
21,920619;-8;8;69
21,934623;-7;10;62
21,940621;-6;10;55
21,953655;-8;8;50
21,961638;-12;9;45
21,975626;-13;12;39
21,981621;-12;16;34
21,998640;-9;20;29
22,004625;-9;26;24
22,013635;-6;33;19
22,028629;-2;39;15
22,034635;3;45;10
22,043636;7;49;5
22,056625;10;51;-3
22,063622;9;51;-10
22,079625;8;50;-17
22,085624;9;50;-23
22,094617;11;49;-24
22,108627;17;47;-25
22,114622;25;46;-27
22,128626;31;43;-28
22,134620;32;40;-29
22,149630;33;37;-31
22,155623;33;34;-33
22,169637;33;32;-34
22,188640;33;33;-31
22,196635;33;33;-28
22,205623;32;33;-26
22,221629;29;32;-25
22,225621;27;30;-23
22,238624;23;29;-21
22,246628;21;28;-20
22,259633;21;27;-19
22,268623;21;26;-18
22,276623;21;25;-19
22,291626;21;22;-21
22,298620;22;20;-22
22,306622;23;18;-23
22,319649;22;16;-24
22,328624;22;14;-24
22,336620;21;13;-24
22,349627;20;12;-24
22,358690;20;11;-24
22,371640;19;10;-25
22,378620;18;10;-25
22,390632;17;9;-25
22,399635;18;9;-25
22,408623;19;9;-25
22,420626;20;9;-24
22,429630;21;10;-24
22,450625;22;11;-25
22,459626;23;12;-26
22,468625;23;12;-27
22,481628;22;12;-28
22,491626;21;13;-28
22,500622;19;13;-27
22,513638;18;15;-27
22,521627;17;16;-25
22,530616;16;19;-23
22,545624;15;22;-21
22,551665;14;25;-19
22,565636;13;29;-17
22,571632;11;34;-14
22,585631;9;40;-11
22,591617;9;48;-5
22,608659;10;57;6
22,614626;10;62;26
22,623620;3;63;51
22,635637;-9;56;72
22,644624;-20;43;83
22,653622;-30;29;88
22,666628;-36;17;88
22,673623;-39;2;82
22,686623;-35;-9;68
22,693628;-28;-11;54
22,709625;-21;-12;40
22,715623;-17;-12;31
22,724631;-16;-11;29
22,739623;-15;-8;33
22,745622;-13;-6;42
22,754630;-9;-6;51
22,770561;-7;-5;55
22,776625;-5;-6;50
22,785622;-6;-7;41
22,798635;-6;-9;34
22,806626;-5;-12;28
22,815628;-5;-13;26
22,831628;-5;-11;23
22,835620;-6;-10;20
22,849633;-9;-7;19
22,855629;-10;-8;17
22,869628;-10;-10;17
22,875621;-9;-6;18
22,889618;-5;-3;21
22,898628;-2;-5;24
22,906621;-1;-5;26
22,921644;-2;-4;28
22,928623;-6;-4;27
22,936627;-9;-6;18
22,951623;-9;-7;11
22,966625;-5;-5;10
22,969627;0;-4;12
22,982622;-3;0;17
22,988623;-11;3;17
23,003644;-28;4;17
23,009624;-45;-7;12
23,025626;-44;-14;-4
23,029632;-43;-15;-9
23,041626;-48;-9;-4
23,050626;-51;-4;-1
23,059645;-47;-3;1
23,071629;-40;-6;-1
23,080624;-36;-10;-3
23,089620;-33;-9;-5
23,103634;-25;-4;-7
23,111633;-20;-1;-5
23,120622;-17;-1;0
23,134624;-16;-2;3
23,143624;-17;-2;5
23,151633;-18;-2;4
23,164637;-20;-3;6
23,173630;-22;-5;9
23,181628;-22;-6;8
23,194634;-21;-5;7
23,203626;-19;-2;6
23,211633;-18;0;6
23,224636;-17;-1;7
23,233631;-18;-2;9
23,241620;-20;-3;12
23,258626;-19;-3;15
23,261620;-17;0;17
23,274625;-15;2;21
23,284622;-15;3;24
23,292621;-15;4;26
23,305626;-18;7;24
23,314625;-14;3;14
23,323622;-12;0;7
23,339626;-11;0;7
23,345624;-22;6;19
23,354624;-10;3;6
23,363658;-14;4;9
23,375626;-13;6;12
23,384643;-17;5;19
23,398636;-15;3;18
23,404625;-16;1;16
23,418631;-17;2;12
23,426629;-19;2;10
23,435624;-19;2;8
23,449623;-23;1;13
23,458625;-24;2;20
23,466631;-21;4;13
23,481626;-20;4;10
23,488627;-23;4;14
23,504623;-22;4;15
23,510641;-18;4;14
23,519632;-21;3;14
23,528627;-22;0;10
23,544625;-26;-1;11
23,550616;-23;-3;9
23,559625;-25;-4;10
23,574625;-26;-1;10
23,580635;-25;1;10
23,589623;-23;2;11
23,603633;-22;2;12
23,609623;-20;2;12
23,623630;-18;2;13
23,629623;-17;1;15
23,641623;-16;2;16
23,651630;-14;2;17
23,666643;-24;2;27
23,670620;-6;-2;7
23,683628;-11;-4;17
23,691618;-10;-5;19
23,700625;-11;-3;20
23,714625;-11;-2;26
23,723621;-1;-9;1
23,731625;-4;-9;15
23,745622;-5;-5;28
23,754630;-5;-3;30
23,763628;-4;-2;26
23,778627;-3;-3;25
23,784623;-2;-4;24
23,793626;-2;-3;25
23,814649;-2;-3;26
23,823622;-2;-2;27
23,838625;-4;0;28
23,844633;-4;1;28
23,856619;-4;2;27
23,865625;-2;2;26
23,874626;-1;1;24
23,888625;1;1;24
23,896623;2;-3;24
23,905623;3;-3;24
23,921628;4;-3;24
23,928628;5;-2;24
23,948625;6;-3;23
23,956629;7;-2;24
23,969638;7;-2;23
23,978623;6;-2;24
24,001639;5;-2;24
24,008625;4;-2;25
24,029634;3;-2;25
24,038626;2;-2;25
24,051634;1;-2;25
24,058624;0;-3;25
24,071627;0;-2;26
24,078624;-1;-2;26
24,091620;-3;-2;26
24,098623;-4;-2;26
24,133647;-5;-2;26
24,151621;-4;-3;26
24,160624;-4;-2;26
24,169633;-3;-2;26
24,181637;-2;-3;26
24,190628;-1;-3;25
24,205639;0;-2;26
24,211619;1;-2;26
24,226626;2;-2;25
24,233625;2;-2;26
24,247618;3;-2;26
24,254634;4;-2;25
24,273642;5;-3;24
24,285623;5;-2;24
24,294623;6;-2;25
24,319624;6;-2;24
24,323617;5;-3;23
24,339628;5;-2;25
24,345622;5;-1;25
24,354640;5;-2;25
24,370652;4;-2;24
24,376620;4;-2;25
24,384625;3;-2;25
24,396641;2;-2;25
24,405631;1;-2;25
24,414622;0;-2;26
24,435656;-1;-2;26
24,444625;-2;-2;27
24,456658;-3;-3;24
24,466587;-3;-2;26
24,481659;-4;-2;26
24,496633;-5;-3;26
24,515644;-4;-3;26
24,531630;-3;-2;26
24,538625;-3;-3;26
24,558633;-2;-3;25
24,566640;-1;-3;25
24,583620;0;-3;25
24,586620;0;-2;25
24,603639;1;-3;25
24,619641;2;-2;25
24,628629;3;-1;25
24,643631;3;-2;25
24,649623;3;-3;24
24,658623;4;-3;24
24,688635;4;-2;25
24,710635;3;-2;25
24,733639;2;-3;25
24,739624;2;-3;26
24,748623;1;-2;25
24,769629;0;-2;26
24,801638;-1;-2;26
24,825630;-1;-3;25
24,831635;-2;-2;26
24,883682;-1;-2;26
24,901641;-1;-3;25
24,910633;-1;-2;25
24,924629;0;-2;26
24,930625;0;-2;25
24,954643;1;-3;25
24,984632;2;-2;25
24,993631;2;-2;26
25,001633;2;-2;25
25,035663;2;-3;25
25,044632;2;-2;25
25,073637;1;-2;26
25,089631;1;-2;25
25,127642;0;-2;26
25,156662;0;-3;26
25,165626;0;-2;25
25,181668;0;-2;26
25,185622;0;-3;26
25,200652;-1;-2;25
25,206626;-1;-3;26
25,218630;-1;-2;25
